traffic,policy,avg_queue_mean,avg_queue_std,cars_passed_mean
low,Random,7.68375,4.653749748532362,1107.8333333333333
low,Fixed timer (30s),3.871212962962963,0.6001576931119927,1113.9666666666667
low,Fixed timer (45s),5.250305555555556,0.7580368581695889,1111.4
low,Longest queue,1.8715,0.3333077196949247,1117.4666666666667
low,Q-learning (RL),2.4383703703703707,0.2709720322277874,1116.9666666666667
low,DQN (RL),2.121379629629629,0.24156158297845345,1117.4666666666667
low,PPO (RL),4.306592592592593,0.23123655486810527,1114.8333333333333
normal,Random,59.38282407407408,21.9262357163914,1763.5666666666666
normal,Fixed timer (30s),25.197138888888894,15.659164316603647,1911.8666666666666
normal,Fixed timer (45s),21.308407407407405,11.275811581006337,1929.2333333333333
normal,Longest queue,8.0275,6.941158620419733,1961.8
normal,Q-learning (RL),5.5735,1.615748187290492,1963.5666666666666
normal,DQN (RL),5.059675925925927,1.339375476517073,1963.9666666666667
normal,PPO (RL),6.598351851851853,1.0053066141958649,1961.6
rush,Random,115.78408333333333,17.806532098105286,2120.9333333333334
rush,Fixed timer (30s),75.61115740740742,20.168502136154444,2423.4
rush,Fixed timer (45s),67.59102777777778,20.972660439884528,2493.3333333333335
rush,Longest queue,94.95135185185184,45.92663288632618,2488.1666666666665
rush,Q-learning (RL),42.54875925925925,31.46738913665775,2548.7
rush,DQN (RL),31.932601851851857,22.81953059252954,2730.2
rush,PPO (RL),44.81077777777778,38.57784085899007,2704.266666666667
